"CD_NOM","ESPECE","NOM_VERN","FAMILLE","PATH_IMG","TEXTE_LEGEND_IMG","PATH_IMG_2","TEXTE_LEGEND_IMG_2","PATH_IMG_3","TEXTE_LEGEND_IMG_3","INDIGENAT","EVEE","DH","LRN","LRR","ZNIEFF","ENJEU_CBN","Indicatrice.ZH","CARACTERISATION_ECOLOGIQUE","INDICATION_PHYTOSOCIOLOGIQUE","CHOROLOGIE","floraison","inflorescence","sexualité","ordre_maturation","pollinisation","fruit","dissémination","couleur_fleur","macule","Lumière","Température","Continentalité","Humidité_atmosphérique","Humidité_édaphique","Réaction_du_sol_.pH.","Niveau_trophique","Salinité","Texture","Matière_organique"
"79865","Achillea ageratum","Achillée visqueuse, Herbe au charpentier, Achillée agérate","Asteraceae","https://api.tela-botanica.org/img:000039795M.jpg","Christophe Bernier - CC-BY-SA 2.0 FR",,,,,"Présent (indigène ou indéterminé)","-","-","NT","-","-","FOR","Oui","prairies hygrophiles, thermophiles, subméditerranéennes, des sols tassés","Deschampsion mediae (Braun-Blanque 1947) Braun-Blanquet, Roussine & Nègre 1952","méditerranéen occidental","juillet-août","corymbe de capitules","hermaphrodite","","entomogame","akène","anémochore","jaune","",8,8,3,7,7,6,6,0,3,8
"80912","Aira provincialis","Aïra de Provence, Canche de Provence","Poaceae","https://api.tela-botanica.org/img:000761000O.jpg","Sacha Tardieu - CC BY-SA 2.0","https://upload.wikimedia.org/wikipedia/commons/thumb/f/fe/Aira_inflorescence.jpg/2560px-Aira_inflorescence.jpg","Prahlad balaji - CC BY-SA 4.0",,,"Présent (indigène ou indéterminé)","-","-","LC","-","-","TFO","-","annuelles des tonsures acidophiles, mésothermes à thermophiles","Tuberarietalia guttatae Braun-Blanquet in Braun-Blanquet, Molinier & Wagner 1940 em. Rivas-Martínez 1978","méditerranéen occidental","mai-juin","panicule d'épillets","hermaphrodite","","anémogame","caryopse","épizoochore","vert","",8,8,4,4,4,4,2,0,4,1
"81449","Allium nigrum","Ail noir, Ail de Chine","Amaryllidaceae","https://inaturalist-open-data.s3.amazonaws.com/photos/120186397/original.jpg","Vincente Lopes - CC-BY",,,,,"Présent (indigène ou indéterminé)","-","-","VU","EN","-","FOR","-","","Gladiolo italici - Allion rosei Julve 2021 prov. hoc loco","méditerranéen","avril-juin","ombelle simple","hermaphrodite","","entomogame","akène","barochore","bleu","",8,8,3,3,4,8,7,0,3,2
"81943","Alyssum serpyllifolium","Allysson à feuilles de Serpolet, Alysse à feuilles de Serpolet","Brassicaceae","https://api.tela-botanica.org/img:000156350O.jpg","Danièle Domeyne - CC-BY-SA 2.0 FR",,,,,"Présent (indigène ou indéterminé)","-","CDH5","LC","-","-","FOR","-","pelouses des sables basophiles, dolomiticoles, euryméditerranéennes","Armerion girardii Braun-Blanquet 1931 em. Quézel 1971","orophyte méditerranéen","","racème simple","hermaphrodite","","entomogame","silique","anémochore","","",8,3,4,3,3,8,2,0,4,1
"717075","Anacamptis fragrans","Anacamptide odorante, Orchis à odeur de vanille","Orchidaceae","https://api.tela-botanica.org/img:001808435O.jpg","Pierre Crouzet - CC BY-SA 2.0",,,,,"Présent (indigène ou indéterminé)","-","-","LC","-","D","MOY","-","jonçaies et parvocariçaies des prés paratourbeux thermoméditerranéens submaritimes","Plantaginion crassifoliae Braun-Blanquet 1931 ex Braun-Blanquet, Roussine & Nègre 1952","méditerranéen(eury)","avril-juin","épi simple","hermaphrodite","","entomogame","capsule","anémochore","rose","rose",8,7,3,7,7,6,2,0,2,9
"82283","Anacamptis laxiflora","Anacamptide à fleurs lâches, Orchis à fleurs lâches","Orchidaceae","https://upload.wikimedia.org/wikipedia/commons/0/0a/Orchis_laxiflora_2.jpg","Thomas Krucker - CC BY-SA 4.0",,,,,"Présent (indigène ou indéterminé)","-","-","LC","-","-","MOY","Oui","prairies hygrophiles fauchées, méditerranéo-atlantiques, glycophiles à subhalophiles","Molinio caeruleae - Hordeion secalini Horvatić 1934","méditerranéen(eury)-atlantique(eury)","avril-juin","épi simple","hermaphrodite","","entomogame","capsule","anémochore","rose","blanc",8,7,3,8,7,7,5,0,1,8
"82965","Anthyllis barba-jovis","Anthyllide barbe-de-Jupiter, Arbuste d'argent, Barbe-de-Jupiter, Anthyllis barbe-de-Jupiter","Fabaceae","https://upload.wikimedia.org/wikipedia/commons/2/26/Anthyllis_barba-jovis_002.JPG","Johan N - CC BY 3.0",,,,,"Présent (indigène ou indéterminé)","-","-","LC","-","-","FOR","-","landes méditerranéennes","Cisto ladaniferi - Lavanduletea stoechadis Braun-Blanquet in Braun-Blanquet, Molinier & Wagner 1940","méditerranéen","mai-juin","racème capituliforme","hermaphrodite","","entomogame","gousse","épizoochore","jaune","",8,9,1,7,5,6,6,6,8,3
"83261","Aquilegia reuteri","Ancolie de Reuter","Ranunculaceae","https://api.tela-botanica.org/img:000206450O.jpg","Liliane Roubaudi - CC-BY-SA 2.0 FR",,,,,"Présent (indigène ou indéterminé)","-","-","LC","-","-","MOY","-","lithophytes héliophiles des replats de falaises basophiles, orophiles, ligures","Saxifragion callosae subsp. callosae (Rioux & Quézel 1949) Quézel 1950","orophyte alpien mérid.","juin-août","cyme unipare hélicoïde","hermaphrodite","protandre","entomogame","follicule","épizoochore","bleu","",7,2,6,5,5,8,3,0,7,1
"83636","Arenaria provincialis","Sabline de Provence","Caryophyllaceae","https://upload.wikimedia.org/wikipedia/commons/3/3c/Gouffeia_arenarioides_Ste_Baume_PHO_copie.jpg","Philippe Orsini - CC BY-SA 3.0","https://api.tela-botanica.org/img:002329370O.jpg","Guillaume Brancher - CC BY-SA 2.0",,,"Endémique","-","CDH4","NT","-","-","TFO","-","grpts vivaces des éboulis fins subméditerranéens, basophiles, planitiaires, héliophiles","Pimpinello tragii - Arenarion provincialis Braun-Blanquet 1947","orophyte méditerranéen occ.","avril-mai","cyme bipare","hermaphrodite","","entomogame","capsule","barochore","blanc","",7,4,3,4,4,8,3,0,6,1
"84511","Asplenium obovatum","Doradille obovale, Doradille à feuilles ovales, Doradille à feuilles obovales","Aspleniaceae","https://upload.wikimedia.org/wikipedia/commons/8/83/Asplenium_obovatum_subsp._obovatum_001.JPG","Johan N - CC BY-SA 3.0",,,,,"Présent (indigène ou indéterminé)","-","-","LC","-","-","MOY","-","chasmophytes de parois européennes, acidophiles, planitiaires-montagnardes","Asplenietalia septentrionalis Oberdorfer, Görs, Korneck, Lohmeyer, Müller, Philippi & Seibert 1967 ex Loisel 1970","méditerranéen-atlantique","","","monoïque","","hydrogame","","anémochore","","",7,8,3,7,5,4,3,0,9,1
"131829","Asplenium obovatum subsp. billotii","Asplenium de Billot, Asplénium lancéolé","Aspleniaceae","https://api.tela-botanica.org/img:002270145O.jpg","La Spada Arturo - CC BY-SA 2.0",,,,,"Présent (indigène ou indéterminé)","-","-","-","-","-","MOY","-","chasmophytes de parois européennes, acidophiles, planitiaires-montagnardes","Asplenietalia septentrionalis Oberdorfer, Görs, Korneck, Lohmeyer, Müller, Philippi & Seibert 1967 ex Loisel 1970","méditerranéen-atlantique","avril-janvier0","","monoïque","","hydrogame","","anémochore","","",7,7,4,8,5,4,3,0,9,1
"131833","Asplenium obovatum subsp. obovatum","Doradille obovale, Doradille à feuilles ovales, Doradille à feuilles obovales","Aspleniaceae","https://upload.wikimedia.org/wikipedia/commons/8/83/Asplenium_obovatum_subsp._obovatum_001.JPG","Johan N - CC BY-SA 3.0",,,,,"Présent (indigène ou indéterminé)","-","-","LC","-","-","MOY","-",,,,,,,,,,,,,,,,,,,,,,
"86021","Biscutella brevicaulis","Biscutelle à tiges courtes, Lunetière à tiges courtes","Brassicaceae","https://api.tela-botanica.org/img:002312469O.jpg","Claude Viquesnel - CC-BY-SA 2.0 FR",,,,,"Endémique","-","-","LC","-","-","DD","-","grpts vivaces des éboulis basophiles, alpiens, subalpins-alpins, héliophiles","Noccaeion rotundifoliae Braun-Blanquet in Braun-Blanquet & Jenny 1926 em. Zollitsch 1966","orophyte alpien occ.","","racème simple","hermaphrodite","","entomogame","silique","anémochore","jaune","",8,2,8,3,3,8,2,0,7,1
"86073","Biserrula pelecinus","Biserrule en forme de hache, astragale en forme de hache","Fabaceae","https://upload.wikimedia.org/wikipedia/commons/0/0c/Trifolium_glanduliferum_flowerhead_Tocal_legume_trial_2.jpg","Macleay Grass Man - CC BY 2.0","https://api.tela-botanica.org/img:000059851O.jpg","Hugues Tinguy - CC BY-SA 2.0",,,"Présent (indigène ou indéterminé)","-","-","LC","-","-","MOY","-","annuelles des tonsures acidophiles, thermophiles, mésoméditerranéennes, xérophiles, mésotrophiles","Vulpion ligusticae Aubert & Loisel 1971","méditerranéen","avril-juin","racème capituliforme","hermaphrodite","","entomogame","gousse","épizoochore","blanc","bleu",8,8,4,3,3,3,6,0,4,4
"88465","Carex depauperata","Laîche appauvrie, Laîche à épis grêles et peu fournis","Cyperaceae","https://upload.wikimedia.org/wikipedia/commons/7/7c/Starved_Wood-sedge_Carex_depauperata_%286525976361%29.jpg","Len Worthington - CC BY-SA 2.0",,,,,"Présent (indigène ou indéterminé)","-","-","LC","-","-","MOY","-","sous-bois herbacés acidophiles, planitiaires-collinéens, subatlantiques à subméditerranéens, mésothermes à thermophiles","Luzulion forsteri Julve 2006 all. nov. hoc loco","européen occidental","avril-juin","racème d'épis","monoïque","protandre","anémogame","akène","épizoochore","blanc","",5,6,4,5,5,5,4,0,4,2
"88467","Carex depressa","Laîche déprimée","Cyperaceae","https://upload.wikimedia.org/wikipedia/commons/thumb/e/ec/Carex_spicata_kz03.jpg/731px-Carex_spicata_kz03.jpg","Krzysztof Ziarnek, Kenraiz - CC BY-SA 4.0",,,,,"Présent (indigène ou indéterminé)","-","-","LC","-","-","MOY","-","sous-bois herbacés, méditerranéens","Rubio peregrinae - Asplenietalia onopteridis de Foucault 2020b","méditerranéen(eury)","avril-juillet","racème d'épis","monoïque","protandre","anémogame","akène","épizoochore","marron","",7,3,3,7,7,3,2,0,1,9
"88734","Carex olbiensis","Laîche d'Hyères","Cyperaceae","https://bs.plantnet.org/image/o/872408f6a4cd29ecf896f9fad98336d5af4c4b5a","Tela Botanica − Hugues TINGUY - CC BY-SA 4.0",,,,,"Présent (indigène ou indéterminé)","-","-","LC","-","D","MOY","-","sous-bois herbacés, méditerranéens","Rubio peregrinae - Asplenietalia onopteridis de Foucault 2020b","méditerranéen","avril-juin","racème d'épis","monoïque","protandre","anémogame","akène","barochore","marron","",7,8,3,4,4,4,3,0,5,4
"88794","Carex pseudocyperus","Laîche faux souchet","Cyperaceae","https://api.tela-botanica.org/img:000034315O.jpg","Bertrand BUI - CC-BY-SA 2.0 FR",,,,,"Présent (indigène ou indéterminé)","-","-","LC","-","D","MOY","Oui","magnocariçaies et roselières tourbeuses mésotrophiles, des eaux stagnantes ou à battement vertical","Caricion elatae Koch 1926","circumboréal","mai-juillet","racème d'épis","monoïque","protandre","anémogame","akène","hydrochore","vert","",6,5,4,9,9,8,5,0,1,9
"88804","Carex punctata","Laîche ponctuée","Cyperaceae","https://upload.wikimedia.org/wikipedia/commons/thumb/e/e3/Carex_punctata_Gaudin_%28AM_AK360373%29.jpg/1413px-Carex_punctata_Gaudin_%28AM_AK360373%29.jpg","Cam Kilgour - CC BY 4.0","https://upload.wikimedia.org/wikipedia/commons/thumb/d/db/Carex_punctata%2C_Santa_Coloma_de_Farners.jpg/2560px-Carex_punctata%2C_Santa_Coloma_de_Farners.jpg","Josep Gesti - CC BY-SA 4.0",,,"Présent (indigène ou indéterminé)","-","-","LC","-","D","MOY","Oui","cariçaies des prés paratourbeux basophiles, euryméditerranéens à thermohyperatlantiques","Lysimachio tenellae - Scirpoidion holoschoeni de Foucault 2019","méditerranéen-atlantique","avril-juin","racème d'épis","monoïque","protandre","anémogame","akène","barochore","vert","",8,7,3,7,7,7,3,2,4,9
"88819","Carex remota","Laîche espacée, Laîche à épis espacés","Cyperaceae","https://api.tela-botanica.org/img:000034287O.jpg","Bertrand BUI - CC-BY-SA 2.0 FR",,,,,"Présent (indigène ou indéterminé)","-","-","LC","-","D","MOY","Oui","hémicryptophytaies des sources acidophiles, sciaphiles","Caricion remotae Kästner 1942","eurasiatique méridional","mai-juillet","racème d'épis","monoïque","protandre","anémogame","akène","hydrochore","vert","",5,4,4,9,8,4,3,0,4,9
"447038","Ceratonia siliqua","Caroubier, Caroubier silique","Fabaceae","https://upload.wikimedia.org/wikipedia/commons/thumb/b/b1/Ceratonia_siliqua_-_Carob_02.jpg/2560px-Ceratonia_siliqua_-_Carob_02.jpg","Zeynel Cebeci - CC BY-SA 3.0",,,,,"Introduit non établi (dont cultivé / domestique)","-","-","LC","-","-","FOR","-","associations arborescentes climaciques des forêts sempervirentes sclérophylles des méso à thermoméditerranéens européens","σa Pino halepensis - Quercetea ilicis (Braun-Blanquet 1947) de Foucault & Julve 1991","méditerranéen","août-janvier0","racème simple","hermaphrodite","","anémogame","gousse","endozoochore","vert","",8,9,3,3,4,6,6,0,3,3
"190630","Chamaerops",,"Arecaceae","https://upload.wikimedia.org/wikipedia/commons/thumb/7/70/Chamaerops_humilis_var._argentea_kz01.jpg/1365px-Chamaerops_humilis_var._argentea_kz01.jpg","Krzysztof Ziarnek - CC BY-SA 4.0",,,,,"Cryptogène","-","-","-","-","-","NE","-",,,,,,,,,,,,,,,,,,,,,,
"90524","Chamaerops humilis","Chamaerops humble, Chamaerops nain, Faux palmier doum, Palmier nain, Chamérops nain","Arecaceae","https://upload.wikimedia.org/wikipedia/commons/thumb/7/70/Chamaerops_humilis_var._argentea_kz01.jpg/1365px-Chamaerops_humilis_var._argentea_kz01.jpg","Krzysztof Ziarnek - CC BY-SA 4.0",,,,,"Cryptogène","-","-","DD","-","-","DD","-","matorrals héliophiles thermoméditerranéens","Myrtion communis Allier & Lacoste 1980","méditerranéen","","spadice","hermaphrodite","","","drupe","endozoochore","jaune, vert","",8,9,2,4,4,5,5,0,3,2
"789034","Chamaerops humilis var. humilis",,"Arecaceae","https://upload.wikimedia.org/wikipedia/commons/thumb/7/70/Chamaerops_humilis_var._argentea_kz01.jpg/1365px-Chamaerops_humilis_var._argentea_kz01.jpg","Krzysztof Ziarnek - CC BY-SA 4.0",,,,,"Cryptogène","-","-","-","-","-","NE","-",,,,,,,,,,,,,,,,,,,,,,
"91258","Circaea lutetiana","Circée de Paris, Circée commune, Herbe des sorcières","Onagraceae","https://api.tela-botanica.org/img:002018553O.jpg","Christophe Martin - CC BY-SA 2.0","https://upload.wikimedia.org/wikipedia/commons/8/86/Circaea-lutetiana-flowers.jpg","Sten Porse - CC BY-SA 3.0",,,"Présent (indigène ou indéterminé)","-","-","LC","-","-","MOY","-","ourlets internes et clairières vivaces médio-européennes, eutrophiles, mésohygrophiles","Circaeo lutetianae - Stachyetalia sylvaticae Passarge 1967","circumboréal","juin-septembre","racème simple","hermaphrodite","homogame","entomogame, autogame","capsule","épizoochore","blanc","",4,5,5,8,7,6,6,0,2,8
"92329","Convolvulus lanuginosus","Liseron duveté, Liseron duveteux, Liseron laineux","Convolvulaceae","https://api.tela-botanica.org/img:000718679O.jpg","Hugues Tinguy - CC BY-SA 2.0",,,,,"Présent (indigène ou indéterminé)","-","-","LC","-","-","FOR","-","pelouses basophiles mésoméditerranéennes, mésoxérophiles","Phlomido lychnitidis - Brachypodion retusi (Rivas-Martínez 1978) Mateo 1983","méditerranéen occidental","mai-juillet","racème simple","hermaphrodite","","entomogame","capsule","épizoochore","rose","",8,8,3,3,3,8,3,0,3,2
"92544","Coronilla valentina","Coronille de Valence","Fabaceae","https://upload.wikimedia.org/wikipedia/commons/thumb/7/7a/Coronilla_valentina_RF.jpg/1024px-Coronilla_valentina_RF.jpg","Robert Flogaus-Faust - CC BY 4.0",,,,,"Présent (indigène ou indéterminé)","-","-","LC","-","-","FOR","-","garrigues méso à subméditerranéennes occidentales","Rosmarinetalia officinalis Braun-Blanquet 1931 em. Julve 1993 prov.","méditerranéen(eury)","avril-juin","ombelle simple","hermaphrodite","","entomogame","gousse","barochore","jaune","",8,6,5,3,3,8,3,0,3,2
"93463","Crypsis schoenoides","Crypside faux choin, Crypsis faux choin","Poaceae","https://api.tela-botanica.org/img:000148088O.jpg","Christophe Girod - CC BY-SA 2.0",,,,,"Présent (indigène ou indéterminé)","-","-","LC","-","-","NE","Oui",,,,,,,,,,,,,,,,,,,,,,
"133732","Daucus carota subsp. commutatus","Carotte changeante, Carotte variable","Apiaceae","https://upload.wikimedia.org/wikipedia/commons/thumb/d/dc/Daucus_carota_-_Wild_carrot_01.jpg/2560px-Daucus_carota_-_Wild_carrot_01.jpg","Zeynel Cebeci - CC BY-SA 4.0",,,,,"Présent (indigène ou indéterminé)","-","-","NT","-","-","TFO","-","friches vivaces mésoxérophiles européennes","Artemisietalia vulgaris Lohmeyer in Tüxen 1947","européen","","ombelle d'ombellules","hermaphrodite","","entomogame","akène","épizoochore","blanc","",8,6,4,5,5,7,6,0,3,2
"94599","Delphinium pubescens","Dauphinelle pubescente, Pied-d'alouette pubescent","Ranunculaceae","https://api.tela-botanica.org/img:000101482O.jpg","Liliane Pessotto - CC-BY-SA 2.0 FR",,,,,"Présent (indigène ou indéterminé)","-","-","NT","-","-","MOY","-","annuelles commensales des moissons basophiles, thermophiles","Roemerion hybridae Braun-Blanquet 1931 ex Rivas-Martínez, Fernández-González & Loidi 1999","méditerranéen occidental","juin-juillet","racème de racèmes","hermaphrodite","","entomogame","follicule","épizoochore","bleu","",8,8,4,3,3,8,6,0,3,2
"94820","Dianthus scaber","Œillet scabre, Œillet à poils rudes, Œillet rude, Œillet hérissé","Caryophyllaceae","https://api.tela-botanica.org/img:002334033O.jpg","Patrick Ressayre - CC BY-SA 2.0",,,,,"Présent (indigène ou indéterminé)","-","-","LC","-","-","MOY","-","pelouses basophiles subalpines, pionnières, chionophiles","Seslerietea caeruleae Braun-Blanquet 1948 em. Oberdorfer 1978","orophyte méditerranéen occ.","juin-septembre","cyme bipare","hermaphrodite","","entomogame","capsule","barochore","rose","",8,2,4,3,3,8,3,0,3,2
"97148","Eryngium spinalba","Panicaut épine-blanche, Panicaut blanc des Alpes, Chardon blanc","Apiaceae","https://api.tela-botanica.org/img:000057609O.jpg","Mathieu Menand - CC-BY-SA 2.0 FR",,,,,"Présent (indigène ou indéterminé)","-","-","LC","-","-","FOR","-","grpts vivaces des éboulis basophiles, psychrophiles, montagnards (ubacs) à alpins, héliophiles","Noccaeetalia rotundifoliae Braun-Blanquet in Braun-Blanquet & Jenny 1926 em. Seibert in Oberdorfer 1977","orophyte alpien occ.","juin-juillet","ombelle d'ombellules","hermaphrodite","","entomogame","akène","épizoochore","blanc","",7,2,7,3,3,8,4,0,7,1
"99194","Gagea pratensis","Gagée des prés, Gagée à pétales étroits","Liliaceae","https://upload.wikimedia.org/wikipedia/commons/thumb/f/f7/Gagea_pratensis_kz03.jpg/2560px-Gagea_pratensis_kz03.jpg","Krzysztof Ziarnek, Kenraiz - CC BY-SA 4.0",,,,,"Présent (indigène ou indéterminé)","-","-","LC","-","D","MOY","-","friches vivaces rudérales pionnières, mésohydriques, commensales des cultures","Gageo pratensis - Allion schoenoprasi Passarge 1964","européen méridional","mars-mai","ombelle simple","hermaphrodite","protogyne","entomogame, autogame","capsule","myrmécochore","jaune","",7,6,5,4,4,7,6,0,3,2
"99211","Gagea villosa","Gagée velue, Gagée des champs","Liliaceae","https://api.tela-botanica.org/img:001121104O.jpg","Jean-Claude Calais - CC BY-SA 2.0",,,,,"Présent (indigène ou indéterminé)","-","-","LC","-","D","MOY","-","friches vivaces rudérales pionnières, mésohydriques, commensales des cultures","Gageo pratensis - Allion schoenoprasi Passarge 1964","eurasiatique méridional","mars-avril","cyme d'ombelles","hermaphrodite","","entomogame, autogame","capsule","myrmécochore","jaune","",6,7,5,4,4,7,5,0,3,2
"99580","Galium verrucosum","Gaillet verruqueux, Gaillet à verrues, Gaillet anisé","Rubiaceae","https://upload.wikimedia.org/wikipedia/commons/thumb/9/9b/Galium_verrucosum_kz02.jpg/1365px-Galium_verrucosum_kz02.jpg","Krzysztof Ziarnek, Kenraiz - CC BY-SA 4.0",,,,,"Présent (indigène ou indéterminé)","-","-","LC","-","-","MOY","-","annuelles tardivernales ou préestivales des tonsures subnitrophiles maritimes, méditerranéennes","Frankenietalia pulverulentae Rivas-Martínez 1975 apud Rivas-Martínez & Costa 1976","méditerranéen","mars-mai","cyme d'ombelles","hermaphrodite","","entomogame","capsule","épizoochore","blanc","",9,8,1,6,4,8,6,5,4,1
"99776","Genista linifolia","Genêt à feuilles de lin","Fabaceae","https://upload.wikimedia.org/wikipedia/commons/thumb/6/60/Escob%C3%B3n_blanco_o_romero_retama_%28Genista_linifolia%29%2C_Jard%C3%ADn_Bot%C3%A1nico%2C_M%C3%BAnich%2C_Alemania_2012-04-21%2C_DD_01.JPG/2560px-Escob%C3%B3n_blanco_o_romero_retama_%28Genista_linifolia%29%2C_Jard%C3%ADn_Bot%C3%A1nico%2C_M%C3%BAnich%2C_Alemania_2012-04-21%2C_DD_01.JPG","Diego Delso - CC BY-SA 3.0",,,,,"Présent (indigène ou indéterminé)","-","-","VU","VU","-","FOR","-","landes méditerranéennes occidentales","Lavanduletalia stoechadis Braun-Blanquet in Braun-Blanquet, Molinier & Wagner 1940","méditerranéen occidental","mars-mai","racème simple","hermaphrodite","","entomogame","gousse","barochore","jaune","",8,8,3,3,4,4,4,0,5,4
"100076","Geranium lanuginosum","Géranium laineux","Geraniaceae","https://upload.wikimedia.org/wikipedia/commons/e/e6/Brandn%C3%A4va-2786_-_Flickr_-_Ragnhild_%26_Neil_Crawford.jpg","Ragnhild&Neil Crawford - CC BY-SA 2.0",,,,,"Présent (indigène ou indéterminé)","-","-","LC","-","-","MOY","-","annuelles des tonsures acidophiles, mésothermes à thermophiles","Tuberarietalia guttatae Braun-Blanquet in Braun-Blanquet, Molinier & Wagner 1940 em. Rivas-Martínez 1978","méditerranéen occidental","mai-juin","racème de cymes unipares hélicoïdes","hermaphrodite","","entomogame","capsule","autochore","bleu","",6,8,4,3,3,3,6,0,3,3
"100132","Geranium purpureum","Géranium pourpre","Geraniaceae","https://inaturalist-open-data.s3.amazonaws.com/photos/251992692/original.jpeg","Augustin Soulard - CC-BY",,,,,"Présent (indigène ou indéterminé)","-","-","LC","-","-","MOY","-","ourlets thérophytiques vernaux, nitrophiles, méso- à subméditerranéens","Geranio purpurei - Cardaminetalia hirsutae Brullo in Brullo & Marceno 1985","méditerranéen(eury)-atlantique(eury)","avril-septembre","racème de cymes unipares hélicoïdes","hermaphrodite","","entomogame, autogame","capsule","autochore","rose","",7,7,3,4,4,6,6,0,4,2
"100269","Gladiolus dubius","Glaïeul douteux","Iridaceae","https://bs.plantnet.org/image/o/a9c7386193fb125aac212be80ebd809b834afb3a","Sylvain Piry - CC-BY-SA",,,,,"Présent (indigène ou indéterminé)","-","-","LC","-","D","MOY","-","pelouses basophiles mésoméditerranéennes, mésoxérophiles","Phlomido lychnitidis - Brachypodion retusi (Rivas-Martínez 1978) Mateo 1983","méditerranéen","avril-juin","épi simple","hermaphrodite","","entomogame","capsule","anémochore","rose","",7,8,4,4,4,8,4,0,3,2
"100851","Hedysarum spinosissimum","Hédysarum très épineux, Sainfoin épineux, Sainfoin très épineux","Fabaceae","https://api.tela-botanica.org/img:001222882O.jpg","Liliane Roubaudi - CC BY-SA 2.0",,,,,"Présent (indigène ou indéterminé)","-","-","NT","VU","-","FOR","-","annuelles des tonsures basophiles, aéroxérophiles, thermophiles, méditerranéennes","Stipello capensis - Bupleuretalia semicompositi Brullo 1985","méditerranéen","avril-juin","racème simple","hermaphrodite","","entomogame","gousse","épizoochore","rose","",9,8,4,4,5,8,4,0,1,2
"101080","Helichrysum italicum","Hélichryse d'Italie, Immortelle d'Italie, Éternelle jaune","Asteraceae","https://upload.wikimedia.org/wikipedia/commons/thumb/c/c3/Helichrysum_italicum_RHu_002.JPG/1536px-Helichrysum_italicum_RHu_002.JPG","Meneerke bloem - CC BY-SA 4.0",,,,,"Présent (indigène ou indéterminé)","-","-","LC","-","-","MOY","-","végétation vivace des arrière-dunes maritimes subfixées, méditerranéennes occidentales","Crucianelletalia maritimae Sissingh 1974","méditerranéen","juin-juillet","corymbe de capitules","hermaphrodite","","entomogame, autogame","akène","barochore","jaune","",9,9,1,3,4,7,4,4,5,1
"103840","Isoetes durieui","Isoète de Durieu","Isoetaceae","https://api.tela-botanica.org/img:000117022O.jpg","Emmanuel Stratmains - CC BY-SA 2.0",,,,,"Présent (indigène ou indéterminé)","-","-","LC","-","-","FOR","Oui",,,,,,,,,,,,,,,,,,,,,,
"104501","Kickxia commutata","Kickxie variable, Linaire de Grèce, Kickxie de Grèce, Linaire grecque, Linaire changée","Plantaginaceae","https://upload.wikimedia.org/wikipedia/commons/f/fa/Kickxia_commutata_subsp_graeca_Tenerife.jpg","Gabriele Kothe-Heinrich - CC BY-SA 3.0",,,,,"Présent (indigène ou indéterminé)","-","-","LC","-","-","MOY","Oui","pelouses acidophiles méditerranéennes","Serapiadetea cordigero - linguae de Foucault 2012","méditerranéen-atlantique","mai-août","fleur solitaire latérale","hermaphrodite","","entomogame","capsule","épizoochore","jaune","bleu",8,7,3,4,4,4,6,0,4,4
"106056","Limonium cordatum","Limonium cordé, Statice à feuilles cordées, Statice cordé","Plumbaginaceae","https://upload.wikimedia.org/wikipedia/commons/d/d3/Limonium_cordatum_46377560.jpg","Ryan McMinds - CC BY 4.0",,,,,"Présent (indigène ou indéterminé)","-","-","LC","-","D","TFO","-","pelouses aérohalines méditerranéennes, catalano-provençales","Crithmo maritimi - Limonion pseudominuti René Molinier 1934","méditerranéen (provençal)","juin-septembre","racème d'épis","hermaphrodite","","entomogame","capsule","barochore","bleu","",8,9,1,7,5,5,5,6,8,3
"106097","Limonium pseudominutum","Limonium presque nain, Statice presque nain, Statice nain, Saladelle naine","Plumbaginaceae","https://inaturalist-open-data.s3.amazonaws.com/photos/241201862/original.jpeg","Augustin Soulard - CC BY 4.0",,,,,"Endémique","-","-","LC","-","D","TFO","-","pelouses aérohalines méditerranéennes, catalano-provençales","Crithmo maritimi - Limonion pseudominuti René Molinier 1934","méditerranéen","","racème d'épis","hermaphrodite","","entomogame","capsule","barochore","bleu","",8,9,1,7,5,5,5,6,8,3
"106313","Linum maritimum","Lin maritime","Linaceae","https://api.tela-botanica.org/img:000068926O.jpg","John De Vos - CC BY-SA 2.0",,,,,"Présent (indigène ou indéterminé)","-","CDH4","LC","-","-","FOR","Oui","prairies hydrophiles fauchées, européennes, thermophiles","Alopecuro bulbosi - Caricion divisae Julve 2006 all. nov. hoc loco","méditerranéen","juin-juillet","cyme unipare hélicoïde","hermaphrodite","","entomogame","capsule","barochore","jaune","",8,8,2,7,8,7,5,2,4,8
"106651","Lotus conimbricensis","Lotier de Coïmbra","Fabaceae","https://api.tela-botanica.org/img:001121035X3L.jpg","Néhémie Meslage - CC BY-SA 2.0",,,,,"Présent (indigène ou indéterminé)","-","-","LC","VU","-","FOR","Oui","annuelles des tonsures subnitrophiles maritimes, thermophiles, d'optimum catalano-provençales, arénicoles","Frankenion pulverulentae Rivas-Martínez 1975 apud Rivas-Martínez & Costa 1976","méditerranéen","avril-juin","ombelle simple","hermaphrodite","","entomogame","gousse","dyszoochore","blanc","bleu",9,8,3,5,6,8,6,5,4,1
"107125","Lythrum tribracteatum","Salicaire à trois bractées, Lythrum à trois bractées, Lythrum de Salzmann","Lythraceae","https://api.tela-botanica.org/img:000769807O.jpg","Liliane Roubaudi - CC BY-SA 2.0",,,,,"Présent (indigène ou indéterminé)","-","-","LC","-","-","FOR","Oui","","Crypsietea aculeatae Vicherek 1973","européen méridional","mai-septembre","glomérules","hermaphrodite","","entomogame","capsule","barochore","rose","",8,6,4,7,8,4,3,0,4,3
"109234","Narcissus assoanus","Narcisse d'Asso, Narcisse à feuilles de jonc, Narcisse de Requien","Amaryllidaceae","https://api.tela-botanica.org/img:002468373O.jpg","Patrick Rassayre - CC BY-SA 2.0",,,,,"Présent (indigène ou indéterminé)","-","CDH5","LC","-","D","MOY","-","pelouses basophiles sub/supraméditerranéennes, mésoxérophiles, des adrets","Ononidion striatae Braun-Blanquet & Susplugas 1937 em. Barbero, Loisel & Quézel 1972","méditerranéen occidental","mars-mai","fleur solitaire terminale","hermaphrodite","","entomogame","capsule","barochore","jaune","",9,7,4,5,4,8,3,0,3,2
"109584","Nerium oleander","Laurier rose, Oléandre","Apocynaceae","https://upload.wikimedia.org/wikipedia/commons/thumb/f/f3/Nerium_oleander_08.jpg/1280px-Nerium_oleander_08.jpg","Zeynel Cebeci - CC BY-SA 4.0",,,,,"Présent (indigène ou indéterminé)","-","-","LC","-","-","MOY","Oui","fourrés d'arbrisseaux hydrophiles, méditerranéo-atlantiques, des sols minéraux","Nerio oleandri - Tamaricetea africanae (O. de Bolòs 1956) Braun-Blanquet & O. de Bolòs 1958","méditerranéen","","cyme unipare hélicoïde","hermaphrodite","","entomogame","follicule","anémochore","rose","",8,8,3,7,7,7,6,1,3,2
"110313","Ophioglossum vulgatum","Ophioglosse commun, Langue-de-serpent, Ophioglosse Langue-de-serpent","Ophioglossaceae","https://api.tela-botanica.org/img:000009655O.jpg","Julien Barataud - CC-BY-SA 2.0 FR",,,,,"Présent (indigène ou indéterminé)","-","-","LC","-","-","MOY","Oui","moliniaies des prés paratourbeux médio-européens, basophiles","Molinion caeruleae Koch 1926 em. Braun-Blanquet 1947","circumboréal","mai-juillet","","monoïque","","hydrogame","","autochore","","",7,5,5,8,7,7,2,1,3,9
"110452","Ophrys provincialis","Ophrys de Provence","Orchidaceae","https://inaturalist-open-data.s3.amazonaws.com/photos/270796856/original.jpeg","Augustin SOULARD - CC BY",,,,,"Endémique","-","-","LC","-","D","FOR","-","pelouses basophiles mésoméditerranéennes, mésoxérophiles","Phlomido lychnitidis - Brachypodion retusi (Rivas-Martínez 1978) Mateo 1983","méditerranéen(eury)","mars-mai","épi simple","hermaphrodite","","entomogame","capsule","anémochore","marron","bleu",8,6,4,5,5,8,1,0,3,2
"110473","Ophrys speculum","Ophrys miroir, Ophrys cilié","Orchidaceae","https://upload.wikimedia.org/wikipedia/commons/0/05/Ophrys_speculum.jpg","Luis Nunes Alberto - CC-BY-SA 3.0","https://api.tela-botanica.org/img:000035872O.jpg","Ginesy Bernard - CC-BY-SA 2.0",,,"Présent (indigène ou indéterminé)","-","-","EN","-","-","MOY","-","pelouses basophiles mésoméditerranéennes, mésoxérophiles","Phlomido lychnitidis - Brachypodion retusi (Rivas-Martínez 1978) Mateo 1983","méditerranéen","mars-mai","épi simple","hermaphrodite","","entomogame","capsule","anémochore","marron","bleu, jaune",8,8,3,4,4,9,2,0,3,2
"110961","Orchis provincialis","Orchis de Provence","Orchidaceae","https://upload.wikimedia.org/wikipedia/commons/thumb/9/91/Orchis_provincialis_%28flower_spike%29.jpg/768px-Orchis_provincialis_%28flower_spike%29.jpg","Hans Hillewaert - CC BY-SA 3.0",,,,,"Présent (indigène ou indéterminé)","-","-","LC","-","D","MOY","-","pelouses basophiles mésoméditerranéennes, mésoxérophiles","Phlomido lychnitidis - Brachypodion retusi (Rivas-Martínez 1978) Mateo 1983","méditerranéen(eury)","","épi simple","hermaphrodite","","entomogame","capsule","anémochore","","",7,7,4,5,4,8,3,0,3,2
"111815","Osmunda regalis","Osmonde royale, Fougère fleurie, Fougère royale, Fougère aquatique","Osmundaceae","https://upload.wikimedia.org/wikipedia/commons/thumb/5/51/Osmunda_regalis%2C_Santa_Coloma_de_Farners.jpg/2560px-Osmunda_regalis%2C_Santa_Coloma_de_Farners.jpg","Josep Gesti - CC BY-SA 4.0",,,,,"Présent (indigène ou indéterminé)","-","-","LC","-","-","MOY","Oui","magnocariçaies européennes","Caricetalia elatae Pignatti 1953","cosmopolite","mai-juillet","","monoïque","","hydrogame","","autochore","","",4,6,3,8,8,4,4,0,1,9
"112303","Papaver dubium","Pavot douteux, Petit coquelicot","Papaveraceae","https://api.tela-botanica.org/img:000048794O.jpg","Genevieve Botti - CC BY-SA 2.0",,,,,"Présent (indigène ou indéterminé)","-","-","LC","-","-","MOY","-","annuelles commensales des moissons acidophiles, mésohydriques, sabulicoles","Scleranthion annui (Kruseman & Vlieger 1939) Sissingh in Westhoff, Dijk, Passchier & Sissingh 1946","eurasiatique méridional","","cyme unipare hélicoïde","hermaphrodite","homogame","entomogame, autogame","capsule","anémochore","rose","",8,6,4,4,4,4,5,0,3,4
"610859","Paragymnopteris marantae","Paragymnoptéride de Maranta, Paragymnoptéris de Maranta, Cheilanthès de Maranta, Notholène de Maranta, Cheilanthe de Maranta","Pteridaceae","https://upload.wikimedia.org/wikipedia/commons/thumb/3/32/Paragymnopteris_marantae_20170509_160955_%2834555850815%29.jpg/2560px-Paragymnopteris_marantae_20170509_160955_%2834555850815%29.jpg","Erwin Gruber - CC BY-SA 2.0",,,,,"Présent (indigène ou indéterminé)","-","-","LC","-","-","MOY","-","dalles méditerranéennes, acidophiles, héliophiles, thermoxérophiles","Paragymnopterido marantae - Allosorietalia pteridioidis Sáenz & Rivas-Martínez 1979","subtropical(paléo)","avril-janvierjanvier","","monoïque","","hydrogame","","autochore","","",7,9,4,4,4,4,4,0,8,1
"112972","Phalaris aquatica","Alpiste aquatique","Poaceae","https://upload.wikimedia.org/wikipedia/commons/c/c1/Phalaris_aquatica_flowerhead5_%287398440390%29.jpg","Harry Rose - CC BY 2.0",,,,,"Présent (indigène ou indéterminé)","-","-","LC","-","D","FOR","-","friches vivaces rudérales méditerranéennes occidentales à centrales, mésohydriques à mésoxérophiles","Dittrichietea viscosae Trinajstić, de Foucault & Jasprica in de Foucault & Jasprica 2019","méditerranéen","mai-juillet","épi d'épillets","hermaphrodite","","anémogame","caryopse","barochore","vert","",8,8,3,3,4,7,7,0,3,1
"115076","Polystichum setiferum","Polystic à soies, Polystic à frondes soyeuses, Fougère des fleuristes, Aspidium à cils raides","Dryopteridaceae","https://upload.wikimedia.org/wikipedia/commons/thumb/9/95/Polystichum_setiferum_Paprotnik_szczecinkoz%C4%99bny_2021-09-18_03.jpg/1536px-Polystichum_setiferum_Paprotnik_szczecinkoz%C4%99bny_2021-09-18_03.jpg","Agnieszka Kwiecień, Nova - CC BY-SA 4.0",,,,,"Présent (indigène ou indéterminé)","-","-","LC","-","-","MOY","-","sous-bois herbacés acidophiles, planitiaires-collinéens, subatlantiques à subméditerranéens, mésothermes à thermophiles","Luzulion forsteri Julve 2006 all. nov. hoc loco","méditerranéen(eury)-atlantique(eury)","","","monoïque","","hydrogame","","autochore","","",3,7,4,7,5,5,5,0,3,4
"117268","Ranunculus velutinus","Renoncule veloutée","Ranunculaceae","https://upload.wikimedia.org/wikipedia/commons/thumb/d/d5/Ranunculus_velutinus_kz10.jpg/1280px-Ranunculus_velutinus_kz10.jpg","Krzysztof Ziarnek, Kenraiz - CC BY-SA 4.0",,,,,"Présent (indigène ou indéterminé)","-","-","LC","EN","-","FOR","Oui","prairies hygrophiles fauchées, méditerranéo-atlantiques, glycophiles à subhalophiles","Molinio caeruleae - Hordeion secalini Horvatić 1934","méditerranéen septentrional","mai-juin","cyme unipare hélicoïde","hermaphrodite","","entomogame","akène","hydrochore","jaune","",8,8,3,7,7,7,6,0,2,8
"117891","Romulea columnae","Romulée de Colonna, Romulée à petites fleurs","Iridaceae","https://upload.wikimedia.org/wikipedia/commons/6/60/Romulea_grandiscapa.jpg","Engeser - CC BY-SA 3.0","https://upload.wikimedia.org/wikipedia/commons/thumb/c/ca/Romulea_columnae_1011.jpg/2560px-Romulea_columnae_1011.jpg","Amada44 - CC BY-SA 4.0",,,"Présent (indigène ou indéterminé)","-","-","LC","-","-","NE","-","pelouses acidophiles méditerranéennes","Serapiadetea cordigero - linguae de Foucault 2012","méditerranéen-atlantique","","cyme unipare hélicoïde","hermaphrodite","","entomogame","capsule","barochore","bleu, blanc","",8,7,3,5,5,4,3,0,3,4
"122036","Scrophularia provincialis","Scrophulaire de Provence","Scrophulariaceae","https://api.tela-botanica.org/img:000209043M.jpg","Hugues Tinguy - CC-BY-SA 2.0 FR",,,,,"Endémique","-","-","LC","-","-","MOY","-",,,,,,,,,,,,,,,,,,,,,,
"122819","Serapias neglecta","Sérapias négligé","Orchidaceae","https://upload.wikimedia.org/wikipedia/commons/thumb/8/87/S._neglecta_1.jpg/1365px-S._neglecta_1.jpg","Cecil.F - CC BY-SA 4.0","https://upload.wikimedia.org/wikipedia/commons/thumb/4/44/Serapias_neglecta_%28habitus%29.jpg/1535px-Serapias_neglecta_%28habitus%29.jpg","Hans Hillewaert - CC BY-SA 3.0",,,"Présent (indigène ou indéterminé)","-","-","LC","-","D","FOR","-","pelouses acidophiles méditerranéennes","Serapiadetea cordigero - linguae de Foucault 2012","méditerranéen central","avril-mai","épi simple","hermaphrodite","","entomogame","capsule","anémochore","rose","",8,8,3,5,5,3,2,0,3,4
"122824","Serapias olbia","Sérapias d'Hyères","Orchidaceae","https://upload.wikimedia.org/wikipedia/commons/3/3b/Serapias_olbia_001.JPG","Johan N - CC BY-SA 3.0",,,,,"Endémique","-","-","LC","-","-","TFO","-","pelouses acidophiles méditerranéennes","Serapiadetea cordigero - linguae de Foucault 2012","méditerranéen (ligure)","avril-mai","épi simple","hermaphrodite","","entomogame","capsule","anémochore","rose","",8,8,3,5,5,3,2,0,3,4
"122830","Serapias parviflora","Sérapias à petites fleurs","Orchidaceae","https://upload.wikimedia.org/wikipedia/commons/7/72/Serapias_parviflora-.jpg","Luis nunes alberto - CC BY-SA 3.0",,,,,"Présent (indigène ou indéterminé)","-","-","LC","-","-","MOY","-","pelouses acidophiles méditerranéennes","Serapiadetea cordigero - linguae de Foucault 2012","méditerranéen-atlantique","mars-juin","épi simple","hermaphrodite","","entomogame","capsule","anémochore","rose","",8,7,3,5,5,3,2,0,3,4
"123557","Silene mutabilis","Silène changeant, Silène négligé","Caryophyllaceae","http://mediaphoto.mnhn.fr/media/1441408358719A1OILetF1jFCQst8","MNHN - CC BY 4.0",,,,,"Présent (indigène ou indéterminé)","-","-","NT","-","D","TFO","-","annuelles des tonsures acidophiles, thermophiles, thermoméditerranéennes, maritimes","Malcolmietalia lacerae Rivas Goday 1958","méditerranéen","avril-juin","cyme bipare","hermaphrodite","","entomogame","capsule","anémochore","blanc, rose","",9,9,2,3,3,3,3,0,4,1
"123708","Simethis mattiazzii","Siméthide de Mattiazzi, Simethis à feuilles aplaties, Siméthis de Mattiazzi, Siméthide à feuilles planes, Phalangère à feuilles planes","Asphodelaceae","https://upload.wikimedia.org/wikipedia/commons/thumb/2/25/Simethis_planifolia_3.JPG/2560px-Simethis_planifolia_3.JPG","Xemenendura - CC BY-SA 4.0","https://upload.wikimedia.org/wikipedia/commons/thumb/2/25/Simethis_planifolia_3.JPG/2560px-Simethis_planifolia_3.JPG","Xemenendura - CC BY-SA 3.0",,,"Présent (indigène ou indéterminé)","-","-","LC","-","D","FOR","-","pelouses acidophiles planitiaires, thermo-atlantiques","Agrostion curtisii de Foucault 1986","méditerranéen-atlantique","avril-juin","racème simple","hermaphrodite","","entomogame","capsule","barochore","blanc","rose",7,7,3,6,5,2,2,0,4,5
"124699","Spiranthes aestivalis","Spiranthe d'été","Orchidaceae","https://upload.wikimedia.org/wikipedia/commons/thumb/2/20/Spiranthes_aestivalis_PID1905-12.jpg/400px-Spiranthes_aestivalis_PID1905-12.jpg","Benjamin Zwittnig - CC BY 2.5 SI",,,,,"Présent (indigène ou indéterminé)","-","CDH4","VU","-","-","MOY","Oui","hémicrypto-géophytaies des tourbières basses médio-européennes à boréo-subalpines, basophiles","Molinio caeruleae - Caricetalia davallianae Julve 1983 em. de Foucault 1984","méditerranéen(eury)-atlantique(eury)","juin-août","épi simple","hermaphrodite","","entomogame","capsule","anémochore","blanc","",9,7,3,8,8,8,2,0,1,9
"125412","Tamarix africana","Tamaris d'Afrique","Tamaricaceae","https://upload.wikimedia.org/wikipedia/commons/thumb/7/72/T._africana-1.JPG/2560px-T._africana-1.JPG","Philmarin - CC BY-SA 3.0",,,,,"Présent (indigène ou indéterminé)","-","-","LC","-","-","FOR","-","fourrés d'arbrisseaux hydrophiles, méditerranéo-atlantiques, des sols minéraux","Nerio oleandri - Tamaricetea africanae (O. de Bolòs 1956) Braun-Blanquet & O. de Bolòs 1958","méditerranéen occidental","mai-août","racème d'épis","hermaphrodite","","entomogame","capsule","barochore","blanc, rose","",8,9,2,6,7,7,5,2,5,2
"125995","Teucrium fruticans","Germandrée arbustive, Germandrée en arbre","Lamiaceae","https://upload.wikimedia.org/wikipedia/commons/6/60/Teucrium_fruticans_RJB.jpg","A. Barra - CC BY-SA 4.0","https://api.tela-botanica.org/img:002461710O.jpg","Liliane Roubaudi - CC BY-SA 2.0",,,"Présent (indigène ou indéterminé)","-","-","EN","-","D","FOR","-","landes méditerranéennes","Cisto ladaniferi - Lavanduletea stoechadis Braun-Blanquet in Braun-Blanquet, Molinier & Wagner 1940","méditerranéen","","cyme capituliforme","hermaphrodite","","entomogame","akène","barochore","bleu","",8,8,3,4,4,4,3,0,5,4
"126150","Thalictrum lucidum","Pigamon luisant, Pigamon méditerranéen","Ranunculaceae","https://api.tela-botanica.org/img:000080816M.jpg","Liliane Roubaudi - CC-BY-SA 2.0 FR",,,,,"Présent (indigène ou indéterminé)","-","-","NT","VU","-","FOR","Oui","mégaphorbiaies hygrophiles, planitiaires-collinéennes à montagnardes","Filipendulo ulmariae - Convolvuletea sepium (Preising apud Hülbusch 1973) Géhu & Géhu-Franck 1987","européen méridional","","racème de racèmes","hermaphrodite","","anémogame","akène","barochore","jaune","",7,8,2,8,7,,7,0,1,8
"608822","Trifolium bocconei","Trèfle de Boccone","Fabaceae","https://upload.wikimedia.org/wikipedia/commons/b/b9/Trif_bocconei003.JPG","Dr. Marco Iocchi - CC BY-SA 3.0",,,,,"Présent (indigène ou indéterminé)","-","-","LC","-","-","MOY","-","annuelles des tonsures acidophiles, thermophiles, mésoméditerranéennes, xérophiles, mésotrophiles","Vulpion ligusticae Aubert & Loisel 1971","méditerranéen-atlantique","juin-juillet","racème capituliforme","hermaphrodite","","entomogame","gousse","épizoochore","rose","",8,7,4,3,3,3,4,0,4,4
"128469","Valerianella echinata","Valérianelle épineuse, Mâche à piquants, Mâche hérisson","Caprifoliaceae","https://api.tela-botanica.org/img:000321179O.jpg","David Mercier - CC BY-SA 2.0",,,,,"Présent (indigène ou indéterminé)","-","-","EN","EN","-","FOR","-","annuelles commensales des moissons basophiles, thermophiles","Roemerion hybridae Braun-Blanquet 1931 ex Rivas-Martínez, Fernández-González & Loidi 1999","méditerranéen","avril-juin","cyme multipare","hermaphrodite","","autogame","akène","épizoochore","blanc, rose","",7,8,3,4,4,7,6,0,3,2
"128782","Veronica acinifolia","Véronique à feuilles d'acinos, Véronique à feuilles de calament acinos","Plantaginaceae","https://api.tela-botanica.org/img:000300060O.jpg","Jacques Maréchal - CC BY-SA 2.0",,,,,"Présent (indigène ou indéterminé)","-","-","LC","VU","-","FOR","-","annuelles des tonsures hygrophiles à hydrophiles, européennes","Juncetea bufonii (Braun-Blanquet & Tüxen 1943) de Foucault 1988","européen central","mars-juin","fleur solitaire latérale","hermaphrodite","","entomogame, autogame","capsule","épizoochore","bleu","",8,7,3,7,7,5,4,0,4,4
"129102","Vicia altissima","Vesce très élevée, Vesce élevée","Fabaceae","https://bs.plantnet.org/image/o/8213b33c8ea9f4b9ceb5c851c0ab3327fbeda6e0","Liliane ROUBAUDI - CC BY-SA 4.0",,,,,"Présent (indigène ou indéterminé)","-","-","LC","VU","-","FOR","-","matorrals mésoméditerranéens, héliophiles, acidophiles","Ericion arboreae Rivas-Martínez (1975) 1987","méditerranéen occidental","avril-juin","racème simple","hermaphrodite","","entomogame","gousse","anémochore","blanc","bleu",8,8,3,5,4,4,4,0,4,4
"129233","Vicia melanops","Vesce noirâtre, Vesce à œil noir","Fabaceae","https://upload.wikimedia.org/wikipedia/commons/thumb/c/cd/Vicia_melanops_kz01.jpg/1463px-Vicia_melanops_kz01.jpg","Krzysztof Ziarnek, Kenraiz - CC BY-SA 4.0",,,,,"Présent (indigène ou indéterminé)","-","-","LC","-","-","MOY","-","friches annuelles, méso-eutrophiles à eutrophiles, méditerranéo-atlantiques, vernales","Brometalia rubenti - tectorum Rivas-Martínez & Izco 1977","européen méridional","mai-juin","racème simple","hermaphrodite","","entomogame","gousse","épizoochore","jaune","rose",8,6,4,4,4,5,7,0,3,4
"129596","Viola jordanii","Violette de Jordan","Violaceae","https://api.tela-botanica.org/img:000207795O.jpg","Liliane Roubaudi    - CC-BY-SA 2.0 FR",,,,,"Présent (indigène ou indéterminé)","-","-","LC","-","D","MOY","-","ourlets externes basophiles médio-européens, mésoxérophiles, occidentaux","Tanaceto corymbosi - Bupleurion falcati subsp. falcati Julve 1993","européen méridional","","fleur solitaire latérale","hermaphrodite","","entomogame","capsule","myrmécochore","bleu","",6,6,4,5,4,7,4,0,3,2
"129914","Vitex agnus-castus","Vitex gattilier, Gattilier, Poivre sauvage, Agneau chaste, Poivre des moines, Arbre au poivre","Lamiaceae","https://upload.wikimedia.org/wikipedia/commons/0/02/Vitex_agnus-castus_76586598.jpg","spencersloth - CC BY 4.0","https://upload.wikimedia.org/wikipedia/commons/thumb/2/24/Vitex_agnus-castus_%2815390963576%29.jpg/768px-Vitex_agnus-castus_%2815390963576%29.jpg","Peganum - CC BY-SA 2.0",,,"Présent (indigène ou indéterminé)","-","-","LC","-","D","FOR","Oui","fourrés d'arbrisseaux hydrophiles, dulçaquicoles, méditerranéo-atlantiques, des sols minéraux","Nerio oleandri - Viticetalia agni-casti de Foucault, Bensettiti, Noble & Paradis 2012","méditerranéen(eury)","juin-août","glomérules spiciformes","hermaphrodite","","entomogame","drupe","endozoochore","bleu, rose","",7,9,3,7,7,7,6,0,3,2
